query_id,runtime_secs,error
0,inf,Received error HTTP response: HTTP status server error (500 Internal Server Error) for url (http://localhost:8890/sparql)
1,inf,Received error HTTP response: HTTP status server error (500 Internal Server Error) for url (http://localhost:8890/sparql)
2,inf,Received error HTTP response: HTTP status server error (500 Internal Server Error) for url (http://localhost:8890/sparql)
3,inf,Received error HTTP response: HTTP status server error (500 Internal Server Error) for url (http://localhost:8890/sparql)
4,inf,Received error HTTP response: HTTP status server error (500 Internal Server Error) for url (http://localhost:8890/sparql)
5,inf,Received error HTTP response: HTTP status server error (500 Internal Server Error) for url (http://localhost:8890/sparql)
6,inf,Received error HTTP response: HTTP status server error (500 Internal Server Error) for url (http://localhost:8890/sparql)
7,inf,Received error HTTP response: HTTP status server error (500 Internal Server Error) for url (http://localhost:8890/sparql)
8,inf,Received error HTTP response: HTTP status server error (500 Internal Server Error) for url (http://localhost:8890/sparql)
9,inf,Received error HTTP response: HTTP status server error (500 Internal Server Error) for url (http://localhost:8890/sparql)
10,inf,Received error HTTP response: HTTP status server error (500 Internal Server Error) for url (http://localhost:8890/sparql)
11,inf,Received error HTTP response: HTTP status server error (500 Internal Server Error) for url (http://localhost:8890/sparql)
12,inf,Received error HTTP response: HTTP status server error (500 Internal Server Error) for url (http://localhost:8890/sparql)
13,inf,Received error HTTP response: HTTP status server error (500 Internal Server Error) for url (http://localhost:8890/sparql)
14,inf,Received error HTTP response: HTTP status server error (500 Internal Server Error) for url (http://localhost:8890/sparql)
15,inf,Received error HTTP response: HTTP status server error (500 Internal Server Error) for url (http://localhost:8890/sparql)
16,inf,Received error HTTP response: HTTP status server error (500 Internal Server Error) for url (http://localhost:8890/sparql)
17,inf,Received error HTTP response: HTTP status server error (500 Internal Server Error) for url (http://localhost:8890/sparql)
18,inf,Received error HTTP response: HTTP status server error (500 Internal Server Error) for url (http://localhost:8890/sparql)
19,inf,Received error HTTP response: HTTP status server error (500 Internal Server Error) for url (http://localhost:8890/sparql)
20,inf,Received error HTTP response: HTTP status server error (500 Internal Server Error) for url (http://localhost:8890/sparql)
21,inf,Received error HTTP response: HTTP status server error (500 Internal Server Error) for url (http://localhost:8890/sparql)
22,inf,Received error HTTP response: HTTP status server error (500 Internal Server Error) for url (http://localhost:8890/sparql)
23,inf,Received error HTTP response: HTTP status server error (500 Internal Server Error) for url (http://localhost:8890/sparql)
24,inf,Received error HTTP response: HTTP status server error (500 Internal Server Error) for url (http://localhost:8890/sparql)
25,inf,Received error HTTP response: HTTP status server error (500 Internal Server Error) for url (http://localhost:8890/sparql)
26,inf,Received error HTTP response: HTTP status server error (500 Internal Server Error) for url (http://localhost:8890/sparql)
27,inf,Received error HTTP response: HTTP status server error (500 Internal Server Error) for url (http://localhost:8890/sparql)
28,inf,Received error HTTP response: HTTP status server error (500 Internal Server Error) for url (http://localhost:8890/sparql)
29,inf,Received error HTTP response: HTTP status server error (500 Internal Server Error) for url (http://localhost:8890/sparql)
30,inf,Received error HTTP response: HTTP status server error (500 Internal Server Error) for url (http://localhost:8890/sparql)
31,inf,Received error HTTP response: HTTP status server error (500 Internal Server Error) for url (http://localhost:8890/sparql)
32,inf,Received error HTTP response: HTTP status server error (500 Internal Server Error) for url (http://localhost:8890/sparql)
33,inf,Received error HTTP response: HTTP status server error (500 Internal Server Error) for url (http://localhost:8890/sparql)
34,inf,Received error HTTP response: HTTP status server error (500 Internal Server Error) for url (http://localhost:8890/sparql)
35,inf,Received error HTTP response: HTTP status server error (500 Internal Server Error) for url (http://localhost:8890/sparql)
36,inf,Received error HTTP response: HTTP status server error (500 Internal Server Error) for url (http://localhost:8890/sparql)
37,inf,Received error HTTP response: HTTP status server error (500 Internal Server Error) for url (http://localhost:8890/sparql)
38,inf,Received error HTTP response: HTTP status server error (500 Internal Server Error) for url (http://localhost:8890/sparql)
39,inf,Received error HTTP response: HTTP status server error (500 Internal Server Error) for url (http://localhost:8890/sparql)
40,inf,Received error HTTP response: HTTP status server error (500 Internal Server Error) for url (http://localhost:8890/sparql)
41,inf,Received error HTTP response: HTTP status server error (500 Internal Server Error) for url (http://localhost:8890/sparql)
42,inf,Received error HTTP response: HTTP status server error (500 Internal Server Error) for url (http://localhost:8890/sparql)
43,inf,Received error HTTP response: HTTP status server error (500 Internal Server Error) for url (http://localhost:8890/sparql)
44,inf,Received error HTTP response: HTTP status server error (500 Internal Server Error) for url (http://localhost:8890/sparql)
45,inf,Received error HTTP response: HTTP status server error (500 Internal Server Error) for url (http://localhost:8890/sparql)
46,inf,Received error HTTP response: HTTP status server error (500 Internal Server Error) for url (http://localhost:8890/sparql)
47,inf,Received error HTTP response: HTTP status server error (500 Internal Server Error) for url (http://localhost:8890/sparql)
48,inf,Received error HTTP response: HTTP status server error (500 Internal Server Error) for url (http://localhost:8890/sparql)
49,inf,Received error HTTP response: HTTP status server error (500 Internal Server Error) for url (http://localhost:8890/sparql)
50,inf,Received error HTTP response: HTTP status server error (500 Internal Server Error) for url (http://localhost:8890/sparql)
51,inf,Received error HTTP response: HTTP status server error (500 Internal Server Error) for url (http://localhost:8890/sparql)
52,inf,Received error HTTP response: HTTP status server error (500 Internal Server Error) for url (http://localhost:8890/sparql)
53,inf,Received error HTTP response: HTTP status server error (500 Internal Server Error) for url (http://localhost:8890/sparql)
54,inf,Received error HTTP response: HTTP status server error (500 Internal Server Error) for url (http://localhost:8890/sparql)
55,inf,Received error HTTP response: HTTP status server error (500 Internal Server Error) for url (http://localhost:8890/sparql)
56,inf,Received error HTTP response: HTTP status server error (500 Internal Server Error) for url (http://localhost:8890/sparql)
57,inf,Received error HTTP response: HTTP status server error (500 Internal Server Error) for url (http://localhost:8890/sparql)
58,inf,Received error HTTP response: HTTP status server error (500 Internal Server Error) for url (http://localhost:8890/sparql)
59,inf,Received error HTTP response: HTTP status server error (500 Internal Server Error) for url (http://localhost:8890/sparql)
60,inf,Received error HTTP response: HTTP status server error (500 Internal Server Error) for url (http://localhost:8890/sparql)
61,inf,Received error HTTP response: HTTP status server error (500 Internal Server Error) for url (http://localhost:8890/sparql)
62,inf,Received error HTTP response: HTTP status server error (500 Internal Server Error) for url (http://localhost:8890/sparql)
63,inf,Received error HTTP response: HTTP status server error (500 Internal Server Error) for url (http://localhost:8890/sparql)
64,inf,Received error HTTP response: HTTP status server error (500 Internal Server Error) for url (http://localhost:8890/sparql)
65,inf,Received error HTTP response: HTTP status server error (500 Internal Server Error) for url (http://localhost:8890/sparql)
66,inf,Received error HTTP response: HTTP status server error (500 Internal Server Error) for url (http://localhost:8890/sparql)
67,inf,Received error HTTP response: HTTP status server error (500 Internal Server Error) for url (http://localhost:8890/sparql)
68,inf,Received error HTTP response: HTTP status server error (500 Internal Server Error) for url (http://localhost:8890/sparql)
69,inf,Received error HTTP response: HTTP status server error (500 Internal Server Error) for url (http://localhost:8890/sparql)
70,inf,Received error HTTP response: HTTP status server error (500 Internal Server Error) for url (http://localhost:8890/sparql)
71,inf,Received error HTTP response: HTTP status server error (500 Internal Server Error) for url (http://localhost:8890/sparql)
72,inf,Received error HTTP response: HTTP status server error (500 Internal Server Error) for url (http://localhost:8890/sparql)
73,inf,Received error HTTP response: HTTP status server error (500 Internal Server Error) for url (http://localhost:8890/sparql)
74,inf,Received error HTTP response: HTTP status server error (500 Internal Server Error) for url (http://localhost:8890/sparql)
75,inf,Received error HTTP response: HTTP status server error (500 Internal Server Error) for url (http://localhost:8890/sparql)
76,inf,Received error HTTP response: HTTP status server error (500 Internal Server Error) for url (http://localhost:8890/sparql)
77,inf,Received error HTTP response: HTTP status server error (500 Internal Server Error) for url (http://localhost:8890/sparql)
78,inf,Received error HTTP response: HTTP status server error (500 Internal Server Error) for url (http://localhost:8890/sparql)
79,inf,Received error HTTP response: HTTP status server error (500 Internal Server Error) for url (http://localhost:8890/sparql)
80,inf,Received error HTTP response: HTTP status server error (500 Internal Server Error) for url (http://localhost:8890/sparql)
81,inf,Received error HTTP response: HTTP status server error (500 Internal Server Error) for url (http://localhost:8890/sparql)
82,inf,Received error HTTP response: HTTP status server error (500 Internal Server Error) for url (http://localhost:8890/sparql)
83,inf,Received error HTTP response: HTTP status server error (500 Internal Server Error) for url (http://localhost:8890/sparql)
84,inf,Received error HTTP response: HTTP status server error (500 Internal Server Error) for url (http://localhost:8890/sparql)
85,inf,Received error HTTP response: HTTP status server error (500 Internal Server Error) for url (http://localhost:8890/sparql)
86,inf,Received error HTTP response: HTTP status server error (500 Internal Server Error) for url (http://localhost:8890/sparql)
87,inf,Received error HTTP response: HTTP status server error (500 Internal Server Error) for url (http://localhost:8890/sparql)
88,inf,Received error HTTP response: HTTP status server error (500 Internal Server Error) for url (http://localhost:8890/sparql)
89,inf,Received error HTTP response: HTTP status server error (500 Internal Server Error) for url (http://localhost:8890/sparql)
90,inf,Received error HTTP response: HTTP status server error (500 Internal Server Error) for url (http://localhost:8890/sparql)
91,inf,Received error HTTP response: HTTP status server error (500 Internal Server Error) for url (http://localhost:8890/sparql)
92,inf,Received error HTTP response: HTTP status server error (500 Internal Server Error) for url (http://localhost:8890/sparql)
93,inf,Received error HTTP response: HTTP status server error (500 Internal Server Error) for url (http://localhost:8890/sparql)
94,inf,Received error HTTP response: HTTP status server error (500 Internal Server Error) for url (http://localhost:8890/sparql)
95,inf,Received error HTTP response: HTTP status server error (500 Internal Server Error) for url (http://localhost:8890/sparql)
96,inf,Received error HTTP response: HTTP status server error (500 Internal Server Error) for url (http://localhost:8890/sparql)
97,inf,Received error HTTP response: HTTP status server error (500 Internal Server Error) for url (http://localhost:8890/sparql)
98,inf,Received error HTTP response: HTTP status server error (500 Internal Server Error) for url (http://localhost:8890/sparql)
99,inf,Received error HTTP response: HTTP status server error (500 Internal Server Error) for url (http://localhost:8890/sparql)
100,inf,Received error HTTP response: HTTP status server error (500 Internal Server Error) for url (http://localhost:8890/sparql)
101,inf,Received error HTTP response: HTTP status server error (500 Internal Server Error) for url (http://localhost:8890/sparql)
102,inf,Received error HTTP response: HTTP status server error (500 Internal Server Error) for url (http://localhost:8890/sparql)
103,inf,Received error HTTP response: HTTP status server error (500 Internal Server Error) for url (http://localhost:8890/sparql)
104,inf,Received error HTTP response: HTTP status server error (500 Internal Server Error) for url (http://localhost:8890/sparql)
105,inf,Received error HTTP response: HTTP status server error (500 Internal Server Error) for url (http://localhost:8890/sparql)
106,inf,Received error HTTP response: HTTP status server error (500 Internal Server Error) for url (http://localhost:8890/sparql)
107,inf,Received error HTTP response: HTTP status server error (500 Internal Server Error) for url (http://localhost:8890/sparql)
108,inf,Received error HTTP response: HTTP status server error (500 Internal Server Error) for url (http://localhost:8890/sparql)
109,inf,Received error HTTP response: HTTP status server error (500 Internal Server Error) for url (http://localhost:8890/sparql)
110,inf,Received error HTTP response: HTTP status server error (500 Internal Server Error) for url (http://localhost:8890/sparql)
111,inf,Received error HTTP response: HTTP status server error (500 Internal Server Error) for url (http://localhost:8890/sparql)
112,inf,Received error HTTP response: HTTP status server error (500 Internal Server Error) for url (http://localhost:8890/sparql)
113,inf,Received error HTTP response: HTTP status server error (500 Internal Server Error) for url (http://localhost:8890/sparql)
114,inf,Received error HTTP response: HTTP status server error (500 Internal Server Error) for url (http://localhost:8890/sparql)
115,inf,Received error HTTP response: HTTP status server error (500 Internal Server Error) for url (http://localhost:8890/sparql)
116,inf,Received error HTTP response: HTTP status server error (500 Internal Server Error) for url (http://localhost:8890/sparql)
117,inf,Received error HTTP response: HTTP status server error (500 Internal Server Error) for url (http://localhost:8890/sparql)
118,inf,Received error HTTP response: HTTP status server error (500 Internal Server Error) for url (http://localhost:8890/sparql)
119,inf,Received error HTTP response: HTTP status server error (500 Internal Server Error) for url (http://localhost:8890/sparql)
120,inf,Received error HTTP response: HTTP status server error (500 Internal Server Error) for url (http://localhost:8890/sparql)
121,inf,Received error HTTP response: HTTP status server error (500 Internal Server Error) for url (http://localhost:8890/sparql)
122,inf,Received error HTTP response: HTTP status server error (500 Internal Server Error) for url (http://localhost:8890/sparql)
123,inf,Received error HTTP response: HTTP status server error (500 Internal Server Error) for url (http://localhost:8890/sparql)
124,inf,Received error HTTP response: HTTP status server error (500 Internal Server Error) for url (http://localhost:8890/sparql)
125,inf,Received error HTTP response: HTTP status server error (500 Internal Server Error) for url (http://localhost:8890/sparql)
126,inf,Received error HTTP response: HTTP status server error (500 Internal Server Error) for url (http://localhost:8890/sparql)
127,inf,Received error HTTP response: HTTP status server error (500 Internal Server Error) for url (http://localhost:8890/sparql)
128,inf,Received error HTTP response: HTTP status server error (500 Internal Server Error) for url (http://localhost:8890/sparql)
129,inf,Received error HTTP response: HTTP status server error (500 Internal Server Error) for url (http://localhost:8890/sparql)
130,inf,Received error HTTP response: HTTP status server error (500 Internal Server Error) for url (http://localhost:8890/sparql)
131,inf,Received error HTTP response: HTTP status server error (500 Internal Server Error) for url (http://localhost:8890/sparql)
132,inf,Received error HTTP response: HTTP status server error (500 Internal Server Error) for url (http://localhost:8890/sparql)
133,inf,Received error HTTP response: HTTP status server error (500 Internal Server Error) for url (http://localhost:8890/sparql)
134,inf,Received error HTTP response: HTTP status server error (500 Internal Server Error) for url (http://localhost:8890/sparql)
135,inf,Received error HTTP response: HTTP status server error (500 Internal Server Error) for url (http://localhost:8890/sparql)
136,inf,Received error HTTP response: HTTP status server error (500 Internal Server Error) for url (http://localhost:8890/sparql)
137,inf,Received error HTTP response: HTTP status server error (500 Internal Server Error) for url (http://localhost:8890/sparql)
138,inf,Received error HTTP response: HTTP status server error (500 Internal Server Error) for url (http://localhost:8890/sparql)
139,inf,Received error HTTP response: HTTP status server error (500 Internal Server Error) for url (http://localhost:8890/sparql)
140,inf,Received error HTTP response: HTTP status server error (500 Internal Server Error) for url (http://localhost:8890/sparql)
141,inf,Received error HTTP response: HTTP status server error (500 Internal Server Error) for url (http://localhost:8890/sparql)
142,inf,Received error HTTP response: HTTP status server error (500 Internal Server Error) for url (http://localhost:8890/sparql)
143,inf,Received error HTTP response: HTTP status server error (500 Internal Server Error) for url (http://localhost:8890/sparql)
144,inf,Received error HTTP response: HTTP status server error (500 Internal Server Error) for url (http://localhost:8890/sparql)
145,inf,Received error HTTP response: HTTP status server error (500 Internal Server Error) for url (http://localhost:8890/sparql)
146,inf,Received error HTTP response: HTTP status server error (500 Internal Server Error) for url (http://localhost:8890/sparql)
147,inf,Received error HTTP response: HTTP status server error (500 Internal Server Error) for url (http://localhost:8890/sparql)
148,inf,Received error HTTP response: HTTP status server error (500 Internal Server Error) for url (http://localhost:8890/sparql)
149,inf,Received error HTTP response: HTTP status server error (500 Internal Server Error) for url (http://localhost:8890/sparql)
150,inf,Received error HTTP response: HTTP status server error (500 Internal Server Error) for url (http://localhost:8890/sparql)
151,inf,Received error HTTP response: HTTP status server error (500 Internal Server Error) for url (http://localhost:8890/sparql)
152,inf,Received error HTTP response: HTTP status server error (500 Internal Server Error) for url (http://localhost:8890/sparql)
153,inf,Received error HTTP response: HTTP status server error (500 Internal Server Error) for url (http://localhost:8890/sparql)
154,inf,Received error HTTP response: HTTP status server error (500 Internal Server Error) for url (http://localhost:8890/sparql)
155,inf,Received error HTTP response: HTTP status server error (500 Internal Server Error) for url (http://localhost:8890/sparql)
156,inf,Received error HTTP response: HTTP status server error (500 Internal Server Error) for url (http://localhost:8890/sparql)
157,inf,Received error HTTP response: HTTP status server error (500 Internal Server Error) for url (http://localhost:8890/sparql)
158,inf,Received error HTTP response: HTTP status server error (500 Internal Server Error) for url (http://localhost:8890/sparql)
159,inf,Received error HTTP response: HTTP status server error (500 Internal Server Error) for url (http://localhost:8890/sparql)
160,inf,Received error HTTP response: HTTP status server error (500 Internal Server Error) for url (http://localhost:8890/sparql)
161,inf,Received error HTTP response: HTTP status server error (500 Internal Server Error) for url (http://localhost:8890/sparql)
162,inf,Received error HTTP response: HTTP status server error (500 Internal Server Error) for url (http://localhost:8890/sparql)
163,inf,Received error HTTP response: HTTP status server error (500 Internal Server Error) for url (http://localhost:8890/sparql)
164,inf,Received error HTTP response: HTTP status server error (500 Internal Server Error) for url (http://localhost:8890/sparql)
165,inf,Received error HTTP response: HTTP status server error (500 Internal Server Error) for url (http://localhost:8890/sparql)
166,inf,Received error HTTP response: HTTP status server error (500 Internal Server Error) for url (http://localhost:8890/sparql)
167,inf,Received error HTTP response: HTTP status server error (500 Internal Server Error) for url (http://localhost:8890/sparql)
168,inf,Received error HTTP response: HTTP status server error (500 Internal Server Error) for url (http://localhost:8890/sparql)
169,inf,Received error HTTP response: HTTP status server error (500 Internal Server Error) for url (http://localhost:8890/sparql)
170,inf,Received error HTTP response: HTTP status server error (500 Internal Server Error) for url (http://localhost:8890/sparql)
171,inf,Received error HTTP response: HTTP status server error (500 Internal Server Error) for url (http://localhost:8890/sparql)
172,inf,Received error HTTP response: HTTP status server error (500 Internal Server Error) for url (http://localhost:8890/sparql)
173,inf,Received error HTTP response: HTTP status server error (500 Internal Server Error) for url (http://localhost:8890/sparql)
174,inf,Received error HTTP response: HTTP status server error (500 Internal Server Error) for url (http://localhost:8890/sparql)
175,inf,Received error HTTP response: HTTP status server error (500 Internal Server Error) for url (http://localhost:8890/sparql)
176,inf,Received error HTTP response: HTTP status server error (500 Internal Server Error) for url (http://localhost:8890/sparql)
177,inf,Received error HTTP response: HTTP status server error (500 Internal Server Error) for url (http://localhost:8890/sparql)
178,inf,Received error HTTP response: HTTP status server error (500 Internal Server Error) for url (http://localhost:8890/sparql)
179,inf,Received error HTTP response: HTTP status server error (500 Internal Server Error) for url (http://localhost:8890/sparql)
180,inf,Received error HTTP response: HTTP status server error (500 Internal Server Error) for url (http://localhost:8890/sparql)
181,inf,Received error HTTP response: HTTP status server error (500 Internal Server Error) for url (http://localhost:8890/sparql)
182,inf,Received error HTTP response: HTTP status server error (500 Internal Server Error) for url (http://localhost:8890/sparql)
183,inf,Received error HTTP response: HTTP status server error (500 Internal Server Error) for url (http://localhost:8890/sparql)
184,inf,Received error HTTP response: HTTP status server error (500 Internal Server Error) for url (http://localhost:8890/sparql)
185,inf,Received error HTTP response: HTTP status server error (500 Internal Server Error) for url (http://localhost:8890/sparql)
186,inf,Received error HTTP response: HTTP status server error (500 Internal Server Error) for url (http://localhost:8890/sparql)
187,inf,Received error HTTP response: HTTP status server error (500 Internal Server Error) for url (http://localhost:8890/sparql)
188,inf,Received error HTTP response: HTTP status server error (500 Internal Server Error) for url (http://localhost:8890/sparql)
189,inf,Received error HTTP response: HTTP status server error (500 Internal Server Error) for url (http://localhost:8890/sparql)
190,inf,Received error HTTP response: HTTP status server error (500 Internal Server Error) for url (http://localhost:8890/sparql)
191,inf,Received error HTTP response: HTTP status server error (500 Internal Server Error) for url (http://localhost:8890/sparql)
192,inf,Received error HTTP response: HTTP status server error (500 Internal Server Error) for url (http://localhost:8890/sparql)
193,inf,Received error HTTP response: HTTP status server error (500 Internal Server Error) for url (http://localhost:8890/sparql)
194,inf,Received error HTTP response: HTTP status server error (500 Internal Server Error) for url (http://localhost:8890/sparql)
195,inf,Received error HTTP response: HTTP status server error (500 Internal Server Error) for url (http://localhost:8890/sparql)
196,inf,Received error HTTP response: HTTP status server error (500 Internal Server Error) for url (http://localhost:8890/sparql)
197,inf,Received error HTTP response: HTTP status server error (500 Internal Server Error) for url (http://localhost:8890/sparql)
198,inf,Received error HTTP response: HTTP status server error (500 Internal Server Error) for url (http://localhost:8890/sparql)
199,inf,Received error HTTP response: HTTP status server error (500 Internal Server Error) for url (http://localhost:8890/sparql)
