dataset,triplestore,changeset,runtime_secs_mean,runtime_secs_std,runtime_secs_sum,error_count
DBpedia,Fuseki,changesets,0.21124894795903487,0.10640572674006026,3186.90162891,0
DBpedia,GraphDB,changesets,0.32802450316604803,0.15157679461053655,4948.577654763,0
DBpedia,Oxigraph,changesets,0.0804146749291396,0.05425462798329039,1213.135785981,0
DBpedia,Tentris-ID,changesets,0.06761103464165452,0.08080366081659862,1019.980068604,0
DBpedia,Virtuoso,changesets,0.11951221471221221,0.12065018936525632,477.57080999,11090
Wikidata,Fuseki,changesets10,0.0052934390990000005,0.0013723987180278604,5.293439099,0
Wikidata,Fuseki,changesets100,0.03176232878,0.00448428127330037,31.76232878,0
Wikidata,Fuseki,changesets1000,0.189095399329,0.021054965029523223,189.095399329,0
Wikidata,Fuseki,changesets10000,1.3474616713549998,0.2795833605185896,1347.461671355,0
Wikidata,Fuseki,changesets100000,17.403656636175,1.9689802899288489,3480.731327235,0
Wikidata,Fuseki,changesets1000000,184.7886666856,13.049970219847044,3695.773333712,0
Wikidata,GraphDB,changesets10,0.077795998144,0.06892022671032562,77.795998144,0
Wikidata,GraphDB,changesets100,0.094048509941,0.013132040379554545,94.048509941,0
Wikidata,GraphDB,changesets1000,0.31158602250899997,0.07851440187799608,311.586022509,0
Wikidata,GraphDB,changesets10000,2.3761661950310313,0.8715216495525798,2373.790028836,1
Wikidata,GraphDB,changesets100000,18.213194692765,4.837200527672226,3642.638938553,0
Wikidata,GraphDB,changesets1000000,204.02886479185,41.96282390890257,4080.577295837,0
Wikidata,Oxigraph,changesets10,0.008061987386,0.08151663012635686,8.061987386,0
Wikidata,Oxigraph,changesets100,0.014272125782,0.07653697827560262,14.272125782,0
Wikidata,Oxigraph,changesets1000,0.070339789556,0.06067851621779285,70.339789556,0
Wikidata,Oxigraph,changesets10000,0.662647498962963,0.1125877352224119,661.984851464,1
Wikidata,Oxigraph,changesets100000,7.072792894949999,1.2437568199853812,1414.55857899,0
Wikidata,Oxigraph,changesets1000000,76.966147038,10.91094399504592,1539.32294076,0
Wikidata,Tentris-ID,changesets10,0.003772671219,0.0007647535052277365,3.772671219,0
Wikidata,Tentris-ID,changesets100,0.019838563737000003,0.0048637248325794705,19.838563737,0
Wikidata,Tentris-ID,changesets1000,0.099597687459,0.027193815519496657,99.597687459,0
Wikidata,Tentris-ID,changesets10000,0.564607457986987,0.12006510634331725,564.042850529,1
Wikidata,Tentris-ID,changesets100000,3.0010898088549998,0.5672300527744333,600.217961771,0
Wikidata,Tentris-ID,changesets1000000,41.5102078774,11.151272097806753,830.204157548,0
Wikidata,Virtuoso,changesets10,0.039771200741999996,0.018739569232429323,39.771200742,0
Wikidata,Virtuoso,changesets100,0.12334279372,0.08368350901641704,123.34279372,0
Wikidata,Virtuoso,changesets1000,0.6965481028008008,0.3181116686582249,695.851554698,1
Wikidata,Virtuoso,changesets10000,,,0.0,1000
Wikidata,Virtuoso,changesets100000,,,0.0,200
Wikidata,Virtuoso,changesets1000000,,,0.0,20
