dataset,triplestore,changeset,runtime_secs_mean,runtime_secs_std,runtime_secs_sum,error_count
DBpedia,Fuseki,changesets,0.21124894795903487,0.10640572674006026,3186.90162891,0
DBpedia,GraphDB,changesets,0.32802450316604803,0.15157679461053655,4948.577654763,0
DBpedia,Oxigraph,changesets,0.0804146749291396,0.05425462798329039,1213.135785981,0
DBpedia,Tentris-ID,changesets,0.06761103464165452,0.08080366081659862,1019.980068604,0
DBpedia,Virtuoso,changesets,0.11951221471221221,0.12065018936525632,477.57080999,11090
