query_id,runtime_secs,error
0,inf,Received error HTTP response: HTTP status server error (500 Internal Server Error) for url (http://localhost:8890/sparql)
1,inf,Received error HTTP response: HTTP status server error (500 Internal Server Error) for url (http://localhost:8890/sparql)
2,inf,Received error HTTP response: HTTP status server error (500 Internal Server Error) for url (http://localhost:8890/sparql)
3,inf,Received error HTTP response: HTTP status server error (500 Internal Server Error) for url (http://localhost:8890/sparql)
4,inf,Received error HTTP response: HTTP status server error (500 Internal Server Error) for url (http://localhost:8890/sparql)
5,inf,Received error HTTP response: HTTP status server error (500 Internal Server Error) for url (http://localhost:8890/sparql)
6,inf,Received error HTTP response: HTTP status server error (500 Internal Server Error) for url (http://localhost:8890/sparql)
7,inf,Received error HTTP response: HTTP status server error (500 Internal Server Error) for url (http://localhost:8890/sparql)
8,inf,Received error HTTP response: HTTP status server error (500 Internal Server Error) for url (http://localhost:8890/sparql)
9,inf,Received error HTTP response: HTTP status server error (500 Internal Server Error) for url (http://localhost:8890/sparql)
10,inf,Received error HTTP response: HTTP status server error (500 Internal Server Error) for url (http://localhost:8890/sparql)
11,inf,Received error HTTP response: HTTP status server error (500 Internal Server Error) for url (http://localhost:8890/sparql)
12,inf,Received error HTTP response: HTTP status server error (500 Internal Server Error) for url (http://localhost:8890/sparql)
13,inf,Received error HTTP response: HTTP status server error (500 Internal Server Error) for url (http://localhost:8890/sparql)
14,inf,Received error HTTP response: HTTP status server error (500 Internal Server Error) for url (http://localhost:8890/sparql)
15,inf,Received error HTTP response: HTTP status server error (500 Internal Server Error) for url (http://localhost:8890/sparql)
16,inf,Received error HTTP response: HTTP status server error (500 Internal Server Error) for url (http://localhost:8890/sparql)
17,inf,Received error HTTP response: HTTP status server error (500 Internal Server Error) for url (http://localhost:8890/sparql)
18,inf,Received error HTTP response: HTTP status server error (500 Internal Server Error) for url (http://localhost:8890/sparql)
19,inf,Received error HTTP response: HTTP status server error (500 Internal Server Error) for url (http://localhost:8890/sparql)
